true,pred
Cicadellidae,Cicadellidae
Cicadellidae,Cicadellidae
Cicadellidae,Cicadellidae
Cicadellidae,Cicadellidae
Cicadellidae,corn borer
Cicadellidae,Cicadellidae
Cicadellidae,Cicadellidae
Cicadellidae,Cicadellidae
Cicadellidae,Cicadellidae
Cicadellidae,Cicadellidae
Cicadellidae,Cicadellidae
Cicadellidae,Cicadellidae
Cicadellidae,Cicadellidae
Cicadellidae,Cicadellidae
Cicadellidae,Cicadellidae
Cicadellidae,Cicadellidae
Cicadellidae,Cicadellidae
Cicadellidae,Cicadellidae
Cicadellidae,Cicadellidae
Cicadellidae,Cicadellidae
Cicadellidae,corn borer
Cicadellidae,Cicadellidae
Cicadellidae,Cicadellidae
Cicadellidae,Cicadellidae
Cicadellidae,Cicadellidae
Cicadellidae,Cicadellidae
Cicadellidae,Cicadellidae
Cicadellidae,Cicadellidae
Cicadellidae,Cicadellidae
Cicadellidae,Cicadellidae
Cicadellidae,Cicadellidae
Cicadellidae,Cicadellidae
Cicadellidae,Cicadellidae
Cicadellidae,corn borer
Cicadellidae,Cicadellidae
Cicadellidae,Cicadellidae
Cicadellidae,Cicadellidae
Cicadellidae,Cicadellidae
Cicadellidae,Cicadellidae
Cicadellidae,Cicadellidae
Cicadellidae,Cicadellidae
Cicadellidae,Cicadellidae
Cicadellidae,Cicadellidae
Cicadellidae,Cicadellidae
Cicadellidae,Cicadellidae
Cicadellidae,Cicadellidae
Cicadellidae,Cicadellidae
Cicadellidae,Cicadellidae
Cicadellidae,Lycorma delicatula
Cicadellidae,Cicadellidae
Cicadellidae,Cicadellidae
Cicadellidae,Lycorma delicatula
Cicadellidae,Cicadellidae
Cicadellidae,Cicadellidae
Cicadellidae,Cicadellidae
Cicadellidae,Cicadellidae
Cicadellidae,corn borer
Cicadellidae,Cicadellidae
Cicadellidae,Cicadellidae
Cicadellidae,Cicadellidae
Cicadellidae,Cicadellidae
Cicadellidae,Cicadellidae
Cicadellidae,Cicadellidae
Cicadellidae,Cicadellidae
Cicadellidae,Cicadellidae
Cicadellidae,blister beetle
Cicadellidae,Lycorma delicatula
Cicadellidae,Cicadellidae
Cicadellidae,Cicadellidae
Cicadellidae,corn borer
Cicadellidae,Cicadellidae
Cicadellidae,Cicadellidae
Cicadellidae,Cicadellidae
Cicadellidae,Cicadellidae
Cicadellidae,Cicadellidae
Cicadellidae,Cicadellidae
Cicadellidae,Cicadellidae
Cicadellidae,corn borer
Cicadellidae,Cicadellidae
Cicadellidae,corn borer
corn borer,corn borer
corn borer,corn borer
corn borer,blister beetle
corn borer,Lycorma delicatula
corn borer,corn borer
corn borer,corn borer
corn borer,corn borer
corn borer,corn borer
corn borer,corn borer
corn borer,corn borer
corn borer,corn borer
corn borer,corn borer
corn borer,corn borer
corn borer,corn borer
corn borer,corn borer
corn borer,corn borer
corn borer,corn borer
corn borer,corn borer
corn borer,corn borer
corn borer,corn borer
corn borer,corn borer
corn borer,corn borer
corn borer,corn borer
corn borer,corn borer
corn borer,corn borer
corn borer,corn borer
corn borer,corn borer
corn borer,corn borer
corn borer,Lycorma delicatula
corn borer,corn borer
corn borer,corn borer
corn borer,corn borer
corn borer,corn borer
corn borer,corn borer
corn borer,corn borer
corn borer,corn borer
corn borer,corn borer
corn borer,corn borer
corn borer,corn borer
corn borer,corn borer
corn borer,blister beetle
corn borer,Lycorma delicatula
corn borer,corn borer
corn borer,corn borer
corn borer,corn borer
corn borer,corn borer
corn borer,corn borer
corn borer,corn borer
corn borer,corn borer
corn borer,corn borer
corn borer,corn borer
corn borer,corn borer
corn borer,corn borer
corn borer,corn borer
corn borer,Lycorma delicatula
corn borer,corn borer
corn borer,corn borer
corn borer,corn borer
corn borer,corn borer
corn borer,corn borer
corn borer,corn borer
corn borer,corn borer
corn borer,corn borer
corn borer,corn borer
corn borer,corn borer
corn borer,corn borer
corn borer,corn borer
corn borer,Lycorma delicatula
corn borer,corn borer
corn borer,corn borer
corn borer,Cicadellidae
corn borer,corn borer
corn borer,corn borer
corn borer,corn borer
corn borer,corn borer
corn borer,corn borer
corn borer,corn borer
corn borer,corn borer
corn borer,corn borer
corn borer,Cicadellidae
blister beetle,blister beetle
blister beetle,blister beetle
blister beetle,blister beetle
blister beetle,blister beetle
blister beetle,blister beetle
blister beetle,blister beetle
blister beetle,blister beetle
blister beetle,blister beetle
blister beetle,Lycorma delicatula
blister beetle,blister beetle
blister beetle,blister beetle
blister beetle,blister beetle
blister beetle,Lycorma delicatula
blister beetle,blister beetle
blister beetle,blister beetle
blister beetle,blister beetle
blister beetle,Lycorma delicatula
blister beetle,blister beetle
blister beetle,blister beetle
blister beetle,blister beetle
blister beetle,Lycorma delicatula
blister beetle,blister beetle
blister beetle,Lycorma delicatula
blister beetle,blister beetle
blister beetle,blister beetle
blister beetle,blister beetle
blister beetle,blister beetle
blister beetle,blister beetle
blister beetle,blister beetle
blister beetle,Lycorma delicatula
blister beetle,Lycorma delicatula
blister beetle,blister beetle
blister beetle,blister beetle
blister beetle,blister beetle
blister beetle,blister beetle
blister beetle,blister beetle
blister beetle,blister beetle
blister beetle,blister beetle
blister beetle,blister beetle
blister beetle,Lycorma delicatula
blister beetle,blister beetle
blister beetle,blister beetle
blister beetle,blister beetle
blister beetle,corn borer
blister beetle,blister beetle
blister beetle,blister beetle
blister beetle,blister beetle
blister beetle,blister beetle
blister beetle,blister beetle
blister beetle,blister beetle
blister beetle,Lycorma delicatula
blister beetle,blister beetle
blister beetle,blister beetle
blister beetle,blister beetle
blister beetle,Lycorma delicatula
blister beetle,blister beetle
blister beetle,blister beetle
blister beetle,blister beetle
blister beetle,blister beetle
blister beetle,blister beetle
blister beetle,blister beetle
blister beetle,blister beetle
blister beetle,blister beetle
blister beetle,blister beetle
blister beetle,blister beetle
blister beetle,blister beetle
blister beetle,Lycorma delicatula
blister beetle,blister beetle
blister beetle,blister beetle
blister beetle,blister beetle
blister beetle,blister beetle
blister beetle,blister beetle
blister beetle,blister beetle
blister beetle,blister beetle
blister beetle,blister beetle
blister beetle,blister beetle
blister beetle,blister beetle
blister beetle,Cicadellidae
blister beetle,blister beetle
blister beetle,Lycorma delicatula
Lycorma delicatula,Lycorma delicatula
Lycorma delicatula,Lycorma delicatula
Lycorma delicatula,corn borer
Lycorma delicatula,Lycorma delicatula
Lycorma delicatula,Lycorma delicatula
Lycorma delicatula,Lycorma delicatula
Lycorma delicatula,Lycorma delicatula
Lycorma delicatula,corn borer
Lycorma delicatula,Lycorma delicatula
Lycorma delicatula,Lycorma delicatula
Lycorma delicatula,Lycorma delicatula
Lycorma delicatula,Lycorma delicatula
Lycorma delicatula,Lycorma delicatula
Lycorma delicatula,Lycorma delicatula
Lycorma delicatula,Lycorma delicatula
Lycorma delicatula,Lycorma delicatula
Lycorma delicatula,Lycorma delicatula
Lycorma delicatula,Lycorma delicatula
Lycorma delicatula,Lycorma delicatula
Lycorma delicatula,Lycorma delicatula
Lycorma delicatula,Lycorma delicatula
Lycorma delicatula,Lycorma delicatula
Lycorma delicatula,Lycorma delicatula
Lycorma delicatula,Lycorma delicatula
Lycorma delicatula,Lycorma delicatula
Lycorma delicatula,Lycorma delicatula
Lycorma delicatula,Lycorma delicatula
Lycorma delicatula,Lycorma delicatula
Lycorma delicatula,Lycorma delicatula
Lycorma delicatula,blister beetle
Lycorma delicatula,Lycorma delicatula
Lycorma delicatula,Lycorma delicatula
Lycorma delicatula,Lycorma delicatula
Lycorma delicatula,Lycorma delicatula
Lycorma delicatula,blister beetle
Lycorma delicatula,Lycorma delicatula
Lycorma delicatula,Lycorma delicatula
Lycorma delicatula,Lycorma delicatula
Lycorma delicatula,Lycorma delicatula
Lycorma delicatula,Lycorma delicatula
Lycorma delicatula,Lycorma delicatula
Lycorma delicatula,corn borer
Lycorma delicatula,Lycorma delicatula
Lycorma delicatula,Lycorma delicatula
Lycorma delicatula,Lycorma delicatula
Lycorma delicatula,Lycorma delicatula
Lycorma delicatula,corn borer
Lycorma delicatula,Lycorma delicatula
Lycorma delicatula,Lycorma delicatula
Lycorma delicatula,Lycorma delicatula
Lycorma delicatula,Cicadellidae
Lycorma delicatula,Lycorma delicatula
Lycorma delicatula,Lycorma delicatula
Lycorma delicatula,Lycorma delicatula
Lycorma delicatula,Cicadellidae
Lycorma delicatula,Lycorma delicatula
Lycorma delicatula,Lycorma delicatula
Lycorma delicatula,Lycorma delicatula
Lycorma delicatula,Lycorma delicatula
Lycorma delicatula,Lycorma delicatula
Lycorma delicatula,Lycorma delicatula
Lycorma delicatula,Lycorma delicatula
Lycorma delicatula,Lycorma delicatula
Lycorma delicatula,Lycorma delicatula
Lycorma delicatula,Lycorma delicatula
Lycorma delicatula,Lycorma delicatula
Lycorma delicatula,Lycorma delicatula
Lycorma delicatula,Lycorma delicatula
Lycorma delicatula,blister beetle
Lycorma delicatula,Lycorma delicatula
Lycorma delicatula,Lycorma delicatula
Lycorma delicatula,Lycorma delicatula
Lycorma delicatula,Lycorma delicatula
Lycorma delicatula,Lycorma delicatula
Lycorma delicatula,Lycorma delicatula
Lycorma delicatula,Lycorma delicatula
Lycorma delicatula,Cicadellidae
Lycorma delicatula,Cicadellidae
Lycorma delicatula,Cicadellidae
Lycorma delicatula,Lycorma delicatula
Cicadellidae,Cicadellidae
Cicadellidae,Cicadellidae
Cicadellidae,Cicadellidae
Cicadellidae,Lycorma delicatula
Cicadellidae,Cicadellidae
Cicadellidae,Cicadellidae
Cicadellidae,Cicadellidae
Cicadellidae,Cicadellidae
Cicadellidae,blister beetle
Cicadellidae,Cicadellidae
Cicadellidae,Cicadellidae
Cicadellidae,Cicadellidae
Cicadellidae,corn borer
Cicadellidae,Lycorma delicatula
Cicadellidae,Cicadellidae
Cicadellidae,Cicadellidae
Cicadellidae,Cicadellidae
Cicadellidae,Cicadellidae
Cicadellidae,Cicadellidae
Cicadellidae,Cicadellidae
Cicadellidae,Cicadellidae
Cicadellidae,Cicadellidae
Cicadellidae,Cicadellidae
Cicadellidae,Cicadellidae
Cicadellidae,Cicadellidae
Cicadellidae,Cicadellidae
Cicadellidae,Cicadellidae
Cicadellidae,Cicadellidae
Cicadellidae,corn borer
Cicadellidae,Cicadellidae
Cicadellidae,Cicadellidae
Cicadellidae,Cicadellidae
Cicadellidae,Cicadellidae
Cicadellidae,Cicadellidae
Cicadellidae,Cicadellidae
Cicadellidae,corn borer
Cicadellidae,Cicadellidae
Cicadellidae,Lycorma delicatula
Cicadellidae,Cicadellidae
Cicadellidae,Cicadellidae
Cicadellidae,Cicadellidae
Cicadellidae,corn borer
Cicadellidae,Cicadellidae
Cicadellidae,Cicadellidae
Cicadellidae,Cicadellidae
Cicadellidae,Cicadellidae
Cicadellidae,Cicadellidae
Cicadellidae,Cicadellidae
Cicadellidae,Cicadellidae
Cicadellidae,Cicadellidae
Cicadellidae,Cicadellidae
Cicadellidae,Cicadellidae
Cicadellidae,blister beetle
Cicadellidae,Cicadellidae
Cicadellidae,Lycorma delicatula
Cicadellidae,Lycorma delicatula
Cicadellidae,Cicadellidae
Cicadellidae,Cicadellidae
Cicadellidae,Cicadellidae
Cicadellidae,Cicadellidae
Cicadellidae,Cicadellidae
Cicadellidae,Cicadellidae
Cicadellidae,Cicadellidae
Cicadellidae,Cicadellidae
Cicadellidae,Cicadellidae
Cicadellidae,Cicadellidae
Cicadellidae,Cicadellidae
Cicadellidae,Cicadellidae
Cicadellidae,Cicadellidae
Cicadellidae,Cicadellidae
Cicadellidae,Lycorma delicatula
Cicadellidae,corn borer
Cicadellidae,Lycorma delicatula
Cicadellidae,Cicadellidae
Cicadellidae,Cicadellidae
Cicadellidae,Cicadellidae
Cicadellidae,blister beetle
Cicadellidae,Cicadellidae
Cicadellidae,Cicadellidae
Cicadellidae,corn borer
corn borer,corn borer
corn borer,corn borer
corn borer,corn borer
corn borer,corn borer
corn borer,blister beetle
corn borer,corn borer
corn borer,corn borer
corn borer,corn borer
corn borer,corn borer
corn borer,corn borer
corn borer,corn borer
corn borer,corn borer
corn borer,Cicadellidae
corn borer,corn borer
corn borer,corn borer
corn borer,corn borer
corn borer,corn borer
corn borer,corn borer
corn borer,corn borer
corn borer,corn borer
corn borer,corn borer
corn borer,corn borer
corn borer,corn borer
corn borer,corn borer
corn borer,corn borer
corn borer,corn borer
corn borer,corn borer
corn borer,corn borer
corn borer,corn borer
corn borer,corn borer
corn borer,corn borer
corn borer,corn borer
corn borer,corn borer
corn borer,Cicadellidae
corn borer,corn borer
corn borer,corn borer
corn borer,corn borer
corn borer,corn borer
corn borer,corn borer
corn borer,corn borer
corn borer,corn borer
corn borer,corn borer
corn borer,corn borer
corn borer,corn borer
corn borer,corn borer
corn borer,corn borer
corn borer,corn borer
corn borer,corn borer
corn borer,Cicadellidae
corn borer,corn borer
corn borer,Cicadellidae
corn borer,corn borer
corn borer,corn borer
corn borer,corn borer
corn borer,corn borer
corn borer,corn borer
corn borer,corn borer
corn borer,corn borer
corn borer,corn borer
corn borer,corn borer
corn borer,Lycorma delicatula
corn borer,corn borer
corn borer,corn borer
corn borer,corn borer
corn borer,corn borer
corn borer,corn borer
corn borer,corn borer
corn borer,corn borer
corn borer,Cicadellidae
corn borer,corn borer
corn borer,corn borer
corn borer,corn borer
corn borer,Lycorma delicatula
corn borer,corn borer
corn borer,corn borer
corn borer,corn borer
corn borer,Cicadellidae
corn borer,Lycorma delicatula
corn borer,corn borer
corn borer,corn borer
blister beetle,Cicadellidae
blister beetle,blister beetle
blister beetle,blister beetle
blister beetle,blister beetle
blister beetle,blister beetle
blister beetle,blister beetle
blister beetle,blister beetle
blister beetle,blister beetle
blister beetle,blister beetle
blister beetle,Cicadellidae
blister beetle,blister beetle
blister beetle,Cicadellidae
blister beetle,blister beetle
blister beetle,blister beetle
blister beetle,blister beetle
blister beetle,blister beetle
blister beetle,blister beetle
blister beetle,Lycorma delicatula
blister beetle,blister beetle
blister beetle,blister beetle
blister beetle,blister beetle
blister beetle,blister beetle
blister beetle,blister beetle
blister beetle,blister beetle
blister beetle,blister beetle
blister beetle,blister beetle
blister beetle,Cicadellidae
blister beetle,blister beetle
blister beetle,blister beetle
blister beetle,blister beetle
blister beetle,blister beetle
blister beetle,blister beetle
blister beetle,blister beetle
blister beetle,Lycorma delicatula
blister beetle,blister beetle
blister beetle,blister beetle
blister beetle,Lycorma delicatula
blister beetle,blister beetle
blister beetle,Cicadellidae
blister beetle,blister beetle
blister beetle,Lycorma delicatula
blister beetle,Lycorma delicatula
blister beetle,blister beetle
blister beetle,Lycorma delicatula
blister beetle,blister beetle
blister beetle,blister beetle
blister beetle,blister beetle
blister beetle,blister beetle
blister beetle,blister beetle
blister beetle,blister beetle
blister beetle,blister beetle
blister beetle,blister beetle
blister beetle,blister beetle
blister beetle,blister beetle
blister beetle,blister beetle
blister beetle,blister beetle
blister beetle,blister beetle
blister beetle,Cicadellidae
blister beetle,blister beetle
blister beetle,blister beetle
blister beetle,blister beetle
blister beetle,blister beetle
blister beetle,blister beetle
blister beetle,blister beetle
blister beetle,blister beetle
blister beetle,blister beetle
blister beetle,blister beetle
blister beetle,blister beetle
blister beetle,blister beetle
blister beetle,blister beetle
blister beetle,blister beetle
blister beetle,blister beetle
blister beetle,blister beetle
blister beetle,blister beetle
blister beetle,blister beetle
blister beetle,blister beetle
blister beetle,blister beetle
blister beetle,blister beetle
blister beetle,Lycorma delicatula
blister beetle,blister beetle
Lycorma delicatula,Lycorma delicatula
Lycorma delicatula,Lycorma delicatula
Lycorma delicatula,Lycorma delicatula
Lycorma delicatula,Lycorma delicatula
Lycorma delicatula,Lycorma delicatula
Lycorma delicatula,Lycorma delicatula
Lycorma delicatula,Lycorma delicatula
Lycorma delicatula,Lycorma delicatula
Lycorma delicatula,Lycorma delicatula
Lycorma delicatula,Lycorma delicatula
Lycorma delicatula,Lycorma delicatula
Lycorma delicatula,Lycorma delicatula
Lycorma delicatula,Lycorma delicatula
Lycorma delicatula,Lycorma delicatula
Lycorma delicatula,Lycorma delicatula
Lycorma delicatula,Lycorma delicatula
Lycorma delicatula,Lycorma delicatula
Lycorma delicatula,Lycorma delicatula
Lycorma delicatula,Lycorma delicatula
Lycorma delicatula,Lycorma delicatula
Lycorma delicatula,Lycorma delicatula
Lycorma delicatula,Lycorma delicatula
Lycorma delicatula,Lycorma delicatula
Lycorma delicatula,Lycorma delicatula
Lycorma delicatula,Lycorma delicatula
Lycorma delicatula,Lycorma delicatula
Lycorma delicatula,Lycorma delicatula
Lycorma delicatula,Lycorma delicatula
Lycorma delicatula,Lycorma delicatula
Lycorma delicatula,corn borer
Lycorma delicatula,Lycorma delicatula
Lycorma delicatula,Lycorma delicatula
Lycorma delicatula,Lycorma delicatula
Lycorma delicatula,Lycorma delicatula
Lycorma delicatula,Lycorma delicatula
Lycorma delicatula,Lycorma delicatula
Lycorma delicatula,Lycorma delicatula
Lycorma delicatula,Lycorma delicatula
Lycorma delicatula,Lycorma delicatula
Lycorma delicatula,blister beetle
Lycorma delicatula,corn borer
Lycorma delicatula,Lycorma delicatula
Lycorma delicatula,Lycorma delicatula
Lycorma delicatula,blister beetle
Lycorma delicatula,Lycorma delicatula
Lycorma delicatula,Lycorma delicatula
Lycorma delicatula,Lycorma delicatula
Lycorma delicatula,Lycorma delicatula
Lycorma delicatula,Lycorma delicatula
Lycorma delicatula,Lycorma delicatula
Lycorma delicatula,Lycorma delicatula
Lycorma delicatula,Lycorma delicatula
Lycorma delicatula,Lycorma delicatula
Lycorma delicatula,Lycorma delicatula
Lycorma delicatula,blister beetle
Lycorma delicatula,Lycorma delicatula
Lycorma delicatula,Lycorma delicatula
Lycorma delicatula,Lycorma delicatula
Lycorma delicatula,Lycorma delicatula
Lycorma delicatula,Lycorma delicatula
Lycorma delicatula,Lycorma delicatula
Lycorma delicatula,Lycorma delicatula
Lycorma delicatula,Lycorma delicatula
Lycorma delicatula,Lycorma delicatula
Lycorma delicatula,Lycorma delicatula
Lycorma delicatula,Lycorma delicatula
Lycorma delicatula,Cicadellidae
Lycorma delicatula,Lycorma delicatula
Lycorma delicatula,Cicadellidae
Lycorma delicatula,blister beetle
Lycorma delicatula,Lycorma delicatula
Lycorma delicatula,Lycorma delicatula
Lycorma delicatula,Lycorma delicatula
Lycorma delicatula,Lycorma delicatula
Lycorma delicatula,Lycorma delicatula
Lycorma delicatula,Lycorma delicatula
Lycorma delicatula,Lycorma delicatula
Lycorma delicatula,Lycorma delicatula
Lycorma delicatula,Lycorma delicatula
Lycorma delicatula,Lycorma delicatula
Cicadellidae,Cicadellidae
Cicadellidae,Cicadellidae
Cicadellidae,Cicadellidae
Cicadellidae,Cicadellidae
Cicadellidae,Cicadellidae
Cicadellidae,Cicadellidae
Cicadellidae,Cicadellidae
Cicadellidae,Cicadellidae
Cicadellidae,Cicadellidae
Cicadellidae,Cicadellidae
Cicadellidae,corn borer
Cicadellidae,Cicadellidae
Cicadellidae,Cicadellidae
Cicadellidae,Cicadellidae
Cicadellidae,Cicadellidae
Cicadellidae,Cicadellidae
Cicadellidae,Cicadellidae
Cicadellidae,Cicadellidae
Cicadellidae,Cicadellidae
Cicadellidae,Cicadellidae
Cicadellidae,Cicadellidae
Cicadellidae,Cicadellidae
Cicadellidae,Cicadellidae
Cicadellidae,Cicadellidae
Cicadellidae,Cicadellidae
Cicadellidae,Cicadellidae
Cicadellidae,Cicadellidae
Cicadellidae,Cicadellidae
Cicadellidae,Cicadellidae
Cicadellidae,Cicadellidae
Cicadellidae,Cicadellidae
Cicadellidae,Cicadellidae
Cicadellidae,Cicadellidae
Cicadellidae,Cicadellidae
Cicadellidae,Cicadellidae
Cicadellidae,Cicadellidae
Cicadellidae,Cicadellidae
Cicadellidae,Cicadellidae
Cicadellidae,Cicadellidae
Cicadellidae,Cicadellidae
Cicadellidae,Cicadellidae
Cicadellidae,Cicadellidae
Cicadellidae,Cicadellidae
Cicadellidae,blister beetle
Cicadellidae,Cicadellidae
Cicadellidae,Cicadellidae
Cicadellidae,Cicadellidae
Cicadellidae,Cicadellidae
Cicadellidae,Cicadellidae
Cicadellidae,Cicadellidae
Cicadellidae,Cicadellidae
Cicadellidae,Cicadellidae
Cicadellidae,Cicadellidae
Cicadellidae,Cicadellidae
Cicadellidae,Cicadellidae
Cicadellidae,Cicadellidae
Cicadellidae,Cicadellidae
Cicadellidae,Cicadellidae
Cicadellidae,Cicadellidae
Cicadellidae,Lycorma delicatula
Cicadellidae,Cicadellidae
Cicadellidae,Cicadellidae
Cicadellidae,Cicadellidae
Cicadellidae,corn borer
Cicadellidae,Cicadellidae
Cicadellidae,Cicadellidae
Cicadellidae,Cicadellidae
Cicadellidae,Cicadellidae
Cicadellidae,Cicadellidae
Cicadellidae,Cicadellidae
Cicadellidae,Cicadellidae
Cicadellidae,Cicadellidae
Cicadellidae,Cicadellidae
Cicadellidae,Cicadellidae
Cicadellidae,Cicadellidae
Cicadellidae,Cicadellidae
Cicadellidae,Cicadellidae
Cicadellidae,Cicadellidae
Cicadellidae,Cicadellidae
Cicadellidae,Cicadellidae
corn borer,corn borer
corn borer,corn borer
corn borer,corn borer
corn borer,corn borer
corn borer,corn borer
corn borer,corn borer
corn borer,corn borer
corn borer,corn borer
corn borer,corn borer
corn borer,corn borer
corn borer,blister beetle
corn borer,Cicadellidae
corn borer,corn borer
corn borer,corn borer
corn borer,corn borer
corn borer,corn borer
corn borer,corn borer
corn borer,corn borer
corn borer,corn borer
corn borer,corn borer
corn borer,corn borer
corn borer,blister beetle
corn borer,corn borer
corn borer,corn borer
corn borer,corn borer
corn borer,corn borer
corn borer,corn borer
corn borer,corn borer
corn borer,corn borer
corn borer,corn borer
corn borer,corn borer
corn borer,corn borer
corn borer,corn borer
corn borer,Cicadellidae
corn borer,Cicadellidae
corn borer,Lycorma delicatula
corn borer,corn borer
corn borer,Lycorma delicatula
corn borer,corn borer
corn borer,corn borer
corn borer,corn borer
corn borer,corn borer
corn borer,corn borer
corn borer,Cicadellidae
corn borer,corn borer
corn borer,corn borer
corn borer,corn borer
corn borer,corn borer
corn borer,corn borer
corn borer,corn borer
corn borer,corn borer
corn borer,corn borer
corn borer,blister beetle
corn borer,corn borer
corn borer,corn borer
corn borer,corn borer
corn borer,corn borer
corn borer,corn borer
corn borer,corn borer
corn borer,corn borer
corn borer,corn borer
corn borer,corn borer
corn borer,corn borer
corn borer,Cicadellidae
corn borer,corn borer
corn borer,corn borer
corn borer,corn borer
corn borer,corn borer
corn borer,corn borer
corn borer,corn borer
corn borer,corn borer
corn borer,corn borer
corn borer,corn borer
corn borer,corn borer
corn borer,corn borer
corn borer,corn borer
corn borer,corn borer
corn borer,corn borer
corn borer,corn borer
corn borer,corn borer
blister beetle,Lycorma delicatula
blister beetle,blister beetle
blister beetle,blister beetle
blister beetle,blister beetle
blister beetle,blister beetle
blister beetle,blister beetle
blister beetle,blister beetle
blister beetle,blister beetle
blister beetle,Lycorma delicatula
blister beetle,blister beetle
blister beetle,blister beetle
blister beetle,blister beetle
blister beetle,blister beetle
blister beetle,blister beetle
blister beetle,blister beetle
blister beetle,Cicadellidae
blister beetle,blister beetle
blister beetle,blister beetle
blister beetle,Lycorma delicatula
blister beetle,blister beetle
blister beetle,blister beetle
blister beetle,blister beetle
blister beetle,blister beetle
blister beetle,Lycorma delicatula
blister beetle,blister beetle
blister beetle,blister beetle
blister beetle,blister beetle
blister beetle,blister beetle
blister beetle,blister beetle
blister beetle,blister beetle
blister beetle,blister beetle
blister beetle,blister beetle
blister beetle,blister beetle
blister beetle,blister beetle
blister beetle,blister beetle
blister beetle,blister beetle
blister beetle,blister beetle
blister beetle,blister beetle
blister beetle,blister beetle
blister beetle,blister beetle
blister beetle,blister beetle
blister beetle,Lycorma delicatula
blister beetle,blister beetle
blister beetle,blister beetle
blister beetle,Lycorma delicatula
blister beetle,blister beetle
blister beetle,blister beetle
blister beetle,blister beetle
blister beetle,blister beetle
blister beetle,blister beetle
blister beetle,blister beetle
blister beetle,blister beetle
blister beetle,blister beetle
blister beetle,blister beetle
blister beetle,blister beetle
blister beetle,Cicadellidae
blister beetle,blister beetle
blister beetle,Lycorma delicatula
blister beetle,blister beetle
blister beetle,blister beetle
blister beetle,blister beetle
blister beetle,blister beetle
blister beetle,blister beetle
blister beetle,Lycorma delicatula
blister beetle,blister beetle
blister beetle,blister beetle
blister beetle,blister beetle
blister beetle,blister beetle
blister beetle,blister beetle
blister beetle,Lycorma delicatula
blister beetle,blister beetle
blister beetle,blister beetle
blister beetle,blister beetle
blister beetle,blister beetle
blister beetle,blister beetle
blister beetle,blister beetle
blister beetle,blister beetle
blister beetle,blister beetle
blister beetle,Cicadellidae
blister beetle,blister beetle
Lycorma delicatula,Lycorma delicatula
Lycorma delicatula,Lycorma delicatula
Lycorma delicatula,blister beetle
Lycorma delicatula,Lycorma delicatula
Lycorma delicatula,Lycorma delicatula
Lycorma delicatula,Lycorma delicatula
Lycorma delicatula,Lycorma delicatula
Lycorma delicatula,Lycorma delicatula
Lycorma delicatula,Lycorma delicatula
Lycorma delicatula,blister beetle
Lycorma delicatula,Lycorma delicatula
Lycorma delicatula,Lycorma delicatula
Lycorma delicatula,Lycorma delicatula
Lycorma delicatula,Lycorma delicatula
Lycorma delicatula,Cicadellidae
Lycorma delicatula,Lycorma delicatula
Lycorma delicatula,blister beetle
Lycorma delicatula,Lycorma delicatula
Lycorma delicatula,Lycorma delicatula
Lycorma delicatula,Lycorma delicatula
Lycorma delicatula,Lycorma delicatula
Lycorma delicatula,Cicadellidae
Lycorma delicatula,Lycorma delicatula
Lycorma delicatula,Lycorma delicatula
Lycorma delicatula,Lycorma delicatula
Lycorma delicatula,corn borer
Lycorma delicatula,Lycorma delicatula
Lycorma delicatula,blister beetle
Lycorma delicatula,Lycorma delicatula
Lycorma delicatula,Lycorma delicatula
Lycorma delicatula,Lycorma delicatula
Lycorma delicatula,Lycorma delicatula
Lycorma delicatula,Lycorma delicatula
Lycorma delicatula,Lycorma delicatula
Lycorma delicatula,Lycorma delicatula
Lycorma delicatula,Lycorma delicatula
Lycorma delicatula,Cicadellidae
Lycorma delicatula,corn borer
Lycorma delicatula,Lycorma delicatula
Lycorma delicatula,Lycorma delicatula
Lycorma delicatula,Lycorma delicatula
Lycorma delicatula,Lycorma delicatula
Lycorma delicatula,corn borer
Lycorma delicatula,Cicadellidae
Lycorma delicatula,Lycorma delicatula
Lycorma delicatula,corn borer
Lycorma delicatula,Lycorma delicatula
Lycorma delicatula,Lycorma delicatula
Lycorma delicatula,Cicadellidae
Lycorma delicatula,Lycorma delicatula
Lycorma delicatula,Lycorma delicatula
Lycorma delicatula,Lycorma delicatula
Lycorma delicatula,corn borer
Lycorma delicatula,Lycorma delicatula
Lycorma delicatula,Lycorma delicatula
Lycorma delicatula,Lycorma delicatula
Lycorma delicatula,blister beetle
Lycorma delicatula,Lycorma delicatula
Lycorma delicatula,Lycorma delicatula
Lycorma delicatula,Lycorma delicatula
Lycorma delicatula,Lycorma delicatula
Lycorma delicatula,Lycorma delicatula
Lycorma delicatula,Lycorma delicatula
Lycorma delicatula,Lycorma delicatula
Lycorma delicatula,Lycorma delicatula
Lycorma delicatula,blister beetle
Lycorma delicatula,Lycorma delicatula
Lycorma delicatula,corn borer
Lycorma delicatula,Lycorma delicatula
Lycorma delicatula,Lycorma delicatula
Lycorma delicatula,Lycorma delicatula
Lycorma delicatula,Lycorma delicatula
Lycorma delicatula,Lycorma delicatula
Lycorma delicatula,Lycorma delicatula
Lycorma delicatula,Lycorma delicatula
Lycorma delicatula,Lycorma delicatula
Lycorma delicatula,Lycorma delicatula
Lycorma delicatula,Cicadellidae
Lycorma delicatula,Lycorma delicatula
Lycorma delicatula,Cicadellidae
Cicadellidae,Cicadellidae
Cicadellidae,Cicadellidae
Cicadellidae,Cicadellidae
Cicadellidae,Cicadellidae
Cicadellidae,corn borer
Cicadellidae,Cicadellidae
Cicadellidae,Cicadellidae
Cicadellidae,Cicadellidae
Cicadellidae,Cicadellidae
Cicadellidae,Cicadellidae
Cicadellidae,Cicadellidae
Cicadellidae,Cicadellidae
Cicadellidae,Cicadellidae
Cicadellidae,Cicadellidae
Cicadellidae,Cicadellidae
Cicadellidae,Cicadellidae
Cicadellidae,Cicadellidae
Cicadellidae,Cicadellidae
Cicadellidae,Cicadellidae
Cicadellidae,Cicadellidae
Cicadellidae,Cicadellidae
Cicadellidae,Cicadellidae
Cicadellidae,Cicadellidae
Cicadellidae,Cicadellidae
Cicadellidae,Cicadellidae
Cicadellidae,Cicadellidae
Cicadellidae,Cicadellidae
Cicadellidae,Cicadellidae
Cicadellidae,Cicadellidae
Cicadellidae,Cicadellidae
Cicadellidae,Lycorma delicatula
Cicadellidae,Cicadellidae
Cicadellidae,corn borer
Cicadellidae,Cicadellidae
Cicadellidae,corn borer
Cicadellidae,Cicadellidae
Cicadellidae,Cicadellidae
Cicadellidae,Cicadellidae
Cicadellidae,Cicadellidae
Cicadellidae,Cicadellidae
Cicadellidae,Cicadellidae
Cicadellidae,Cicadellidae
Cicadellidae,Cicadellidae
Cicadellidae,blister beetle
Cicadellidae,Lycorma delicatula
Cicadellidae,Cicadellidae
Cicadellidae,Cicadellidae
Cicadellidae,Cicadellidae
Cicadellidae,Cicadellidae
Cicadellidae,Cicadellidae
Cicadellidae,Cicadellidae
Cicadellidae,Cicadellidae
Cicadellidae,Cicadellidae
Cicadellidae,Cicadellidae
Cicadellidae,corn borer
Cicadellidae,Cicadellidae
Cicadellidae,Cicadellidae
Cicadellidae,Cicadellidae
Cicadellidae,Cicadellidae
Cicadellidae,Lycorma delicatula
Cicadellidae,Cicadellidae
Cicadellidae,Cicadellidae
Cicadellidae,Cicadellidae
Cicadellidae,Cicadellidae
Cicadellidae,Cicadellidae
Cicadellidae,Cicadellidae
Cicadellidae,Cicadellidae
Cicadellidae,blister beetle
Cicadellidae,Cicadellidae
Cicadellidae,Cicadellidae
Cicadellidae,Cicadellidae
Cicadellidae,corn borer
Cicadellidae,corn borer
Cicadellidae,Cicadellidae
Cicadellidae,Cicadellidae
Cicadellidae,Cicadellidae
Cicadellidae,Lycorma delicatula
Cicadellidae,Cicadellidae
Cicadellidae,Cicadellidae
Cicadellidae,Cicadellidae
corn borer,corn borer
corn borer,corn borer
corn borer,corn borer
corn borer,corn borer
corn borer,corn borer
corn borer,corn borer
corn borer,Lycorma delicatula
corn borer,corn borer
corn borer,corn borer
corn borer,corn borer
corn borer,corn borer
corn borer,corn borer
corn borer,corn borer
corn borer,corn borer
corn borer,corn borer
corn borer,corn borer
corn borer,corn borer
corn borer,corn borer
corn borer,blister beetle
corn borer,corn borer
corn borer,corn borer
corn borer,corn borer
corn borer,corn borer
corn borer,corn borer
corn borer,corn borer
corn borer,corn borer
corn borer,corn borer
corn borer,corn borer
corn borer,corn borer
corn borer,corn borer
corn borer,corn borer
corn borer,corn borer
corn borer,corn borer
corn borer,corn borer
corn borer,corn borer
corn borer,corn borer
corn borer,corn borer
corn borer,corn borer
corn borer,corn borer
corn borer,corn borer
corn borer,corn borer
corn borer,blister beetle
corn borer,corn borer
corn borer,corn borer
corn borer,corn borer
corn borer,corn borer
corn borer,corn borer
corn borer,corn borer
corn borer,corn borer
corn borer,corn borer
corn borer,corn borer
corn borer,corn borer
corn borer,corn borer
corn borer,corn borer
corn borer,corn borer
corn borer,corn borer
corn borer,corn borer
corn borer,corn borer
corn borer,corn borer
corn borer,corn borer
corn borer,corn borer
corn borer,corn borer
corn borer,corn borer
corn borer,corn borer
corn borer,corn borer
corn borer,corn borer
corn borer,corn borer
corn borer,Cicadellidae
corn borer,Cicadellidae
corn borer,corn borer
corn borer,corn borer
corn borer,corn borer
corn borer,corn borer
corn borer,blister beetle
corn borer,corn borer
corn borer,corn borer
corn borer,corn borer
corn borer,corn borer
corn borer,corn borer
corn borer,corn borer
blister beetle,Lycorma delicatula
blister beetle,blister beetle
blister beetle,blister beetle
blister beetle,blister beetle
blister beetle,blister beetle
blister beetle,blister beetle
blister beetle,blister beetle
blister beetle,Lycorma delicatula
blister beetle,blister beetle
blister beetle,blister beetle
blister beetle,blister beetle
blister beetle,blister beetle
blister beetle,blister beetle
blister beetle,blister beetle
blister beetle,blister beetle
blister beetle,blister beetle
blister beetle,blister beetle
blister beetle,blister beetle
blister beetle,blister beetle
blister beetle,blister beetle
blister beetle,blister beetle
blister beetle,blister beetle
blister beetle,blister beetle
blister beetle,blister beetle
blister beetle,blister beetle
blister beetle,blister beetle
blister beetle,blister beetle
blister beetle,blister beetle
blister beetle,blister beetle
blister beetle,blister beetle
blister beetle,blister beetle
blister beetle,blister beetle
blister beetle,blister beetle
blister beetle,blister beetle
blister beetle,blister beetle
blister beetle,blister beetle
blister beetle,blister beetle
blister beetle,blister beetle
blister beetle,blister beetle
blister beetle,Cicadellidae
blister beetle,blister beetle
blister beetle,blister beetle
blister beetle,blister beetle
blister beetle,blister beetle
blister beetle,blister beetle
blister beetle,blister beetle
blister beetle,blister beetle
blister beetle,blister beetle
blister beetle,blister beetle
blister beetle,blister beetle
blister beetle,blister beetle
blister beetle,corn borer
blister beetle,blister beetle
blister beetle,blister beetle
blister beetle,blister beetle
blister beetle,blister beetle
blister beetle,blister beetle
blister beetle,blister beetle
blister beetle,blister beetle
blister beetle,blister beetle
blister beetle,Lycorma delicatula
blister beetle,blister beetle
blister beetle,blister beetle
blister beetle,blister beetle
blister beetle,blister beetle
blister beetle,Lycorma delicatula
blister beetle,blister beetle
blister beetle,blister beetle
blister beetle,blister beetle
blister beetle,blister beetle
blister beetle,blister beetle
blister beetle,blister beetle
blister beetle,blister beetle
blister beetle,blister beetle
blister beetle,blister beetle
blister beetle,blister beetle
blister beetle,blister beetle
blister beetle,blister beetle
blister beetle,blister beetle
blister beetle,blister beetle
Lycorma delicatula,Lycorma delicatula
Lycorma delicatula,Lycorma delicatula
Lycorma delicatula,Lycorma delicatula
Lycorma delicatula,Lycorma delicatula
Lycorma delicatula,Lycorma delicatula
Lycorma delicatula,Lycorma delicatula
Lycorma delicatula,Lycorma delicatula
Lycorma delicatula,Lycorma delicatula
Lycorma delicatula,Lycorma delicatula
Lycorma delicatula,Lycorma delicatula
Lycorma delicatula,Lycorma delicatula
Lycorma delicatula,Lycorma delicatula
Lycorma delicatula,Lycorma delicatula
Lycorma delicatula,Lycorma delicatula
Lycorma delicatula,Lycorma delicatula
Lycorma delicatula,blister beetle
Lycorma delicatula,Lycorma delicatula
Lycorma delicatula,Lycorma delicatula
Lycorma delicatula,Lycorma delicatula
Lycorma delicatula,Lycorma delicatula
Lycorma delicatula,corn borer
Lycorma delicatula,Lycorma delicatula
Lycorma delicatula,Lycorma delicatula
Lycorma delicatula,Lycorma delicatula
Lycorma delicatula,Lycorma delicatula
Lycorma delicatula,Lycorma delicatula
Lycorma delicatula,corn borer
Lycorma delicatula,Lycorma delicatula
Lycorma delicatula,blister beetle
Lycorma delicatula,Lycorma delicatula
Lycorma delicatula,Lycorma delicatula
Lycorma delicatula,Lycorma delicatula
Lycorma delicatula,blister beetle
Lycorma delicatula,Lycorma delicatula
Lycorma delicatula,corn borer
Lycorma delicatula,Lycorma delicatula
Lycorma delicatula,Lycorma delicatula
Lycorma delicatula,Lycorma delicatula
Lycorma delicatula,corn borer
Lycorma delicatula,Lycorma delicatula
Lycorma delicatula,blister beetle
Lycorma delicatula,Lycorma delicatula
Lycorma delicatula,corn borer
Lycorma delicatula,Lycorma delicatula
Lycorma delicatula,Lycorma delicatula
Lycorma delicatula,blister beetle
Lycorma delicatula,Lycorma delicatula
Lycorma delicatula,corn borer
Lycorma delicatula,Lycorma delicatula
Lycorma delicatula,Lycorma delicatula
Lycorma delicatula,Cicadellidae
Lycorma delicatula,blister beetle
Lycorma delicatula,Lycorma delicatula
Lycorma delicatula,Lycorma delicatula
Lycorma delicatula,blister beetle
Lycorma delicatula,Lycorma delicatula
Lycorma delicatula,Lycorma delicatula
Lycorma delicatula,Lycorma delicatula
Lycorma delicatula,Lycorma delicatula
Lycorma delicatula,Lycorma delicatula
Lycorma delicatula,Lycorma delicatula
Lycorma delicatula,Lycorma delicatula
Lycorma delicatula,blister beetle
Lycorma delicatula,blister beetle
Lycorma delicatula,Lycorma delicatula
Lycorma delicatula,Lycorma delicatula
Lycorma delicatula,Lycorma delicatula
Lycorma delicatula,Lycorma delicatula
Lycorma delicatula,Lycorma delicatula
Lycorma delicatula,Lycorma delicatula
Lycorma delicatula,blister beetle
Lycorma delicatula,Lycorma delicatula
Lycorma delicatula,Lycorma delicatula
Lycorma delicatula,Lycorma delicatula
Lycorma delicatula,Lycorma delicatula
Lycorma delicatula,Lycorma delicatula
Lycorma delicatula,corn borer
Lycorma delicatula,Lycorma delicatula
Lycorma delicatula,corn borer
Lycorma delicatula,blister beetle
Cicadellidae,Cicadellidae
Cicadellidae,Cicadellidae
Cicadellidae,Cicadellidae
Cicadellidae,Cicadellidae
Cicadellidae,Cicadellidae
Cicadellidae,Lycorma delicatula
Cicadellidae,Cicadellidae
Cicadellidae,Cicadellidae
Cicadellidae,Cicadellidae
Cicadellidae,Cicadellidae
Cicadellidae,Cicadellidae
Cicadellidae,Cicadellidae
Cicadellidae,Cicadellidae
Cicadellidae,Lycorma delicatula
Cicadellidae,Cicadellidae
Cicadellidae,Cicadellidae
Cicadellidae,Lycorma delicatula
Cicadellidae,Cicadellidae
Cicadellidae,Cicadellidae
Cicadellidae,Cicadellidae
Cicadellidae,Cicadellidae
Cicadellidae,Cicadellidae
Cicadellidae,Cicadellidae
Cicadellidae,Cicadellidae
Cicadellidae,Cicadellidae
Cicadellidae,Cicadellidae
Cicadellidae,Cicadellidae
Cicadellidae,Cicadellidae
Cicadellidae,Cicadellidae
Cicadellidae,Cicadellidae
Cicadellidae,Cicadellidae
Cicadellidae,Cicadellidae
Cicadellidae,Cicadellidae
Cicadellidae,Cicadellidae
Cicadellidae,Cicadellidae
Cicadellidae,Cicadellidae
Cicadellidae,Cicadellidae
Cicadellidae,Cicadellidae
Cicadellidae,Cicadellidae
Cicadellidae,Lycorma delicatula
Cicadellidae,blister beetle
Cicadellidae,Cicadellidae
Cicadellidae,Cicadellidae
Cicadellidae,Cicadellidae
Cicadellidae,Cicadellidae
Cicadellidae,Cicadellidae
Cicadellidae,Lycorma delicatula
Cicadellidae,Cicadellidae
Cicadellidae,Cicadellidae
Cicadellidae,Cicadellidae
Cicadellidae,Cicadellidae
Cicadellidae,Cicadellidae
Cicadellidae,Cicadellidae
Cicadellidae,Cicadellidae
Cicadellidae,Cicadellidae
Cicadellidae,Cicadellidae
Cicadellidae,Cicadellidae
Cicadellidae,Cicadellidae
Cicadellidae,Cicadellidae
Cicadellidae,Cicadellidae
Cicadellidae,Cicadellidae
Cicadellidae,Cicadellidae
Cicadellidae,Cicadellidae
Cicadellidae,Cicadellidae
Cicadellidae,Cicadellidae
Cicadellidae,Cicadellidae
Cicadellidae,Cicadellidae
Cicadellidae,Cicadellidae
Cicadellidae,Cicadellidae
Cicadellidae,Cicadellidae
Cicadellidae,Cicadellidae
Cicadellidae,corn borer
Cicadellidae,Cicadellidae
Cicadellidae,Cicadellidae
Cicadellidae,Cicadellidae
Cicadellidae,Cicadellidae
Cicadellidae,Cicadellidae
Cicadellidae,Cicadellidae
Cicadellidae,Cicadellidae
Cicadellidae,Cicadellidae
corn borer,corn borer
corn borer,Cicadellidae
corn borer,corn borer
corn borer,corn borer
corn borer,Cicadellidae
corn borer,corn borer
corn borer,corn borer
corn borer,corn borer
corn borer,corn borer
corn borer,Cicadellidae
corn borer,corn borer
corn borer,corn borer
corn borer,corn borer
corn borer,Lycorma delicatula
corn borer,corn borer
corn borer,Cicadellidae
corn borer,corn borer
corn borer,corn borer
corn borer,corn borer
corn borer,corn borer
corn borer,corn borer
corn borer,Cicadellidae
corn borer,corn borer
corn borer,corn borer
corn borer,corn borer
corn borer,corn borer
corn borer,Lycorma delicatula
corn borer,corn borer
corn borer,corn borer
corn borer,corn borer
corn borer,corn borer
corn borer,corn borer
corn borer,corn borer
corn borer,corn borer
corn borer,Cicadellidae
corn borer,Cicadellidae
corn borer,corn borer
corn borer,Cicadellidae
corn borer,corn borer
corn borer,corn borer
corn borer,corn borer
corn borer,corn borer
corn borer,Cicadellidae
corn borer,corn borer
corn borer,corn borer
corn borer,corn borer
corn borer,corn borer
corn borer,corn borer
corn borer,Lycorma delicatula
corn borer,corn borer
corn borer,corn borer
corn borer,corn borer
corn borer,corn borer
corn borer,corn borer
corn borer,corn borer
corn borer,Cicadellidae
corn borer,corn borer
corn borer,corn borer
corn borer,Cicadellidae
corn borer,corn borer
corn borer,corn borer
corn borer,corn borer
corn borer,corn borer
corn borer,corn borer
corn borer,corn borer
corn borer,corn borer
corn borer,corn borer
corn borer,Cicadellidae
corn borer,corn borer
corn borer,corn borer
corn borer,Cicadellidae
corn borer,corn borer
corn borer,corn borer
corn borer,corn borer
corn borer,Cicadellidae
corn borer,corn borer
corn borer,corn borer
corn borer,corn borer
corn borer,blister beetle
corn borer,corn borer
blister beetle,blister beetle
blister beetle,blister beetle
blister beetle,blister beetle
blister beetle,Lycorma delicatula
blister beetle,corn borer
blister beetle,blister beetle
blister beetle,blister beetle
blister beetle,blister beetle
blister beetle,blister beetle
blister beetle,blister beetle
blister beetle,Lycorma delicatula
blister beetle,blister beetle
blister beetle,blister beetle
blister beetle,blister beetle
blister beetle,blister beetle
blister beetle,blister beetle
blister beetle,blister beetle
blister beetle,corn borer
blister beetle,blister beetle
blister beetle,blister beetle
blister beetle,blister beetle
blister beetle,blister beetle
blister beetle,blister beetle
blister beetle,blister beetle
blister beetle,blister beetle
blister beetle,blister beetle
blister beetle,blister beetle
blister beetle,blister beetle
blister beetle,blister beetle
blister beetle,blister beetle
blister beetle,blister beetle
blister beetle,blister beetle
blister beetle,blister beetle
blister beetle,Cicadellidae
blister beetle,blister beetle
blister beetle,blister beetle
blister beetle,blister beetle
blister beetle,blister beetle
blister beetle,blister beetle
blister beetle,Lycorma delicatula
blister beetle,Cicadellidae
blister beetle,blister beetle
blister beetle,blister beetle
blister beetle,blister beetle
blister beetle,blister beetle
blister beetle,blister beetle
blister beetle,blister beetle
blister beetle,Lycorma delicatula
blister beetle,blister beetle
blister beetle,blister beetle
blister beetle,blister beetle
blister beetle,blister beetle
blister beetle,blister beetle
blister beetle,blister beetle
blister beetle,blister beetle
blister beetle,blister beetle
blister beetle,blister beetle
blister beetle,Cicadellidae
blister beetle,blister beetle
blister beetle,blister beetle
blister beetle,blister beetle
blister beetle,blister beetle
blister beetle,blister beetle
blister beetle,blister beetle
blister beetle,blister beetle
blister beetle,Lycorma delicatula
blister beetle,Lycorma delicatula
blister beetle,Lycorma delicatula
blister beetle,blister beetle
blister beetle,blister beetle
blister beetle,Lycorma delicatula
blister beetle,blister beetle
blister beetle,Lycorma delicatula
blister beetle,blister beetle
blister beetle,blister beetle
blister beetle,blister beetle
blister beetle,blister beetle
blister beetle,blister beetle
blister beetle,blister beetle
blister beetle,blister beetle
Lycorma delicatula,Cicadellidae
Lycorma delicatula,Lycorma delicatula
Lycorma delicatula,Lycorma delicatula
Lycorma delicatula,Lycorma delicatula
Lycorma delicatula,Lycorma delicatula
Lycorma delicatula,Lycorma delicatula
Lycorma delicatula,blister beetle
Lycorma delicatula,Lycorma delicatula
Lycorma delicatula,Lycorma delicatula
Lycorma delicatula,Lycorma delicatula
Lycorma delicatula,Lycorma delicatula
Lycorma delicatula,Lycorma delicatula
Lycorma delicatula,Lycorma delicatula
Lycorma delicatula,Lycorma delicatula
Lycorma delicatula,Lycorma delicatula
Lycorma delicatula,Lycorma delicatula
Lycorma delicatula,Lycorma delicatula
Lycorma delicatula,Cicadellidae
Lycorma delicatula,Lycorma delicatula
Lycorma delicatula,Lycorma delicatula
Lycorma delicatula,Lycorma delicatula
Lycorma delicatula,Lycorma delicatula
Lycorma delicatula,Lycorma delicatula
Lycorma delicatula,Lycorma delicatula
Lycorma delicatula,Lycorma delicatula
Lycorma delicatula,blister beetle
Lycorma delicatula,blister beetle
Lycorma delicatula,Lycorma delicatula
Lycorma delicatula,Lycorma delicatula
Lycorma delicatula,Lycorma delicatula
Lycorma delicatula,Lycorma delicatula
Lycorma delicatula,Lycorma delicatula
Lycorma delicatula,Lycorma delicatula
Lycorma delicatula,Lycorma delicatula
Lycorma delicatula,Cicadellidae
Lycorma delicatula,Lycorma delicatula
Lycorma delicatula,blister beetle
Lycorma delicatula,Lycorma delicatula
Lycorma delicatula,Lycorma delicatula
Lycorma delicatula,Lycorma delicatula
Lycorma delicatula,Lycorma delicatula
Lycorma delicatula,Lycorma delicatula
Lycorma delicatula,Lycorma delicatula
Lycorma delicatula,Lycorma delicatula
Lycorma delicatula,Cicadellidae
Lycorma delicatula,Lycorma delicatula
Lycorma delicatula,blister beetle
Lycorma delicatula,Lycorma delicatula
Lycorma delicatula,Lycorma delicatula
Lycorma delicatula,Lycorma delicatula
Lycorma delicatula,Lycorma delicatula
Lycorma delicatula,Lycorma delicatula
Lycorma delicatula,Lycorma delicatula
Lycorma delicatula,Lycorma delicatula
Lycorma delicatula,Lycorma delicatula
Lycorma delicatula,blister beetle
Lycorma delicatula,Lycorma delicatula
Lycorma delicatula,Lycorma delicatula
Lycorma delicatula,corn borer
Lycorma delicatula,corn borer
Lycorma delicatula,corn borer
Lycorma delicatula,Lycorma delicatula
Lycorma delicatula,Lycorma delicatula
Lycorma delicatula,corn borer
Lycorma delicatula,Lycorma delicatula
Lycorma delicatula,Lycorma delicatula
Lycorma delicatula,Lycorma delicatula
Lycorma delicatula,Lycorma delicatula
Lycorma delicatula,Lycorma delicatula
Lycorma delicatula,Lycorma delicatula
Lycorma delicatula,Lycorma delicatula
Lycorma delicatula,blister beetle
Lycorma delicatula,Lycorma delicatula
Lycorma delicatula,Lycorma delicatula
Lycorma delicatula,Lycorma delicatula
Lycorma delicatula,Lycorma delicatula
Lycorma delicatula,Lycorma delicatula
Lycorma delicatula,Lycorma delicatula
Lycorma delicatula,Lycorma delicatula
Lycorma delicatula,Lycorma delicatula
